TIPO;Família;Sub-Família;Segmento;Modelo Padrão;Modelo Comercial;Ano Fabricação Inicial;Ano Fabricação Final;Nivel de Emissões Inicial;Nivel de Emissões Final;TECNOLOGIA MOTOR;Motor;Motor Popular;Quantidade de Cilindros;Quantidade Lubrificante Motor;Epecificação Lubrificante Motor;LINHA;SUB LINHA;CÓDIGO LUBRIFICANTE MOTOR;Capacidade Sistema Arrefecimento;Caixa de Direção;Caixa de Marcha;Quantidade Lubrificante Caixa de Marcha;Epecificação Lubrificante Caixa de Marcha;Diferencial;Quantidade Lubrificante Diferencial;Epecificação Lubrificante Diferencial;TRAÇÃO
CAMINHÃO;Produzidos até 2005;;leve;6--80;6.80;1982;1986;EURO 0;EURO 0;GERENCIAMENTO - MECÂNICO;;;;;;VW;SH;G052824Q2;;;Clark 280/282;5;SAE 90 GL-5;;;;
CAMINHÃO;Produzidos até 2005;;leve;6--90;6.90;1982;1986;EURO 0;EURO 0;GERENCIAMENTO - MECÂNICO;;;;;;VW;SH;G052824Q2;;;Clark 280/282;5;SAE 90 GL-5;;;;
CAMINHÃO;Produzidos até 2005;S;leve;6--90;6.90S;1986;1987;EURO 0;EURO 0;GERENCIAMENTO - MECÂNICO;;;;;;VW;SH;G052824Q2;;;FS 4005A ou Clark 280/282;5;SAE 50;;;;
CAMINHÃO;Produzidos até 2005;S;leve;7--90;7.90S;1987;1993;EURO 0;EURO 1;GERENCIAMENTO - MECÂNICO;;;;;;VW;SH;G052824Q2;;;FS 4005A;5;SAE 50;;;;
CAMINHÃO;Produzidos até 2005;;leve;7-100;7.100;1994;fev/2000;EURO 0;EURO 2;GERENCIAMENTO - MECÂNICO;MWM 4.10T;MWM SÉRIE 10;4;9;15W40 CH-4;VW;SH;G052824Q2;;;FSO 4305C;5;SAE 80W90 GL-4;DANA 411;5;85W140 GL-5;
CAMINHÃO;Produzidos até 2005;;leve;7-100;7.100;mar/2000;dez/2001;EURO 2;EURO 2;GERENCIAMENTO - MECÂNICO;MWM 4.10T;MWM SÉRIE 10;4;9;15W40 CH-4;VW;SH;G052824Q2;;;FSO 4305C;5;SAE 80W90 GL-4;DANA 480;5;85W140 GL-5;
CAMINHÃO;Produzidos até 2005;;leve;7-110;7.110;set/2002;dez/2005;EURO 2;EURO 3;GERENCIAMENTO - MECÂNICO;MWM 4.10T;MWM SÉRIE 10;4;9;15W40 CI-4;VW;SH;G052824Q2;;;FSO 4305C;5;SAE 80W90 GL-4;DANA 480;5;85W140 GL-5;
CAMINHÃO;Produzidos até 2005;S;leve;7-110;7.110S;1987;1994;EURO 0;EURO 1;GERENCIAMENTO - MECÂNICO;;;;;;VW;SH;G052824Q2;;;FS 4005A;5;SAE 50;;;;
CAMINHÃO;Produzidos até 2005;;leve;8-100;8.100;1997;fev/2000;EURO 0;EURO 2;GERENCIAMENTO - MECÂNICO;MWM 4.10T;MWM SÉRIE 10;4;9;15W40 CH-4;VW;SH;G052824Q2;;;FSO 4305C;5;SAE 80W90 GL-4;DANA 411;5;85W140 GL-5;
CAMINHÃO;Produzidos até 2005;;leve;8-120;8.120;mar/2000;dez/2005;EURO 2;EURO 3;GERENCIAMENTO - MECÂNICO;MWM 4.10T;MWM SÉRIE 10;4;9;15W40 CH-4;VW;SH;G052824Q2;;;FSO 4305C;5;SAE 80W90 GL-4;DANA 480;5;85W140 GL-5;
CAMINHÃO;Produzidos até 2005;;leve;8-140;8.140;1994;fev/2000;EURO 0;EURO 2;GERENCIAMENTO - MECÂNICO;MWM 4.10T;MWM SÉRIE 10;4;9;15W40 CH-4;VW;SH;G052824Q2;;;FSO 4305C;5;SAE 80W90 GL-4;DANA 411;5;85W140 GL-5;
CAMINHÃO;Produzidos até 2005;;leve;8-150;8.150;mar/2000;dez/2005;EURO 2;EURO 3;GERENCIAMENTO - MECÂNICO;MWM 4.10T;MWM SÉRIE 10;4;9;15W40 CH-4;VW;SH;G052824Q2;;;FSO 4305C;5;SAE 80W90 GL-4;DANA 480;5;85W140 GL-5;
CAMINHÃO;Produzidos até 2005;E;leve;8-150;8.150 E;out/2003;dez/2005;EURO 2;EURO 3;GERENCIAMENTO - ELTRÔNICO;INTERACT 4.0;ISB;4;9;15W40 CI-4;VW;SH;G052824Q2;;;FSO 4305C;5;SAE 80W90 GL-4;DANA 480;5;85W140 GL-5;
CAMINHÃO;Produzidos até 2005;;Médios;11-130;11.130;1981;1987;EURO 0;EURO 0;GERENCIAMENTO - MECÂNICO;;;;;;VW;SH;G052824Q2;;;Clark 280/282;5;SAE 80W90 GL-4;HH-340/LL-345;14,1;SAE 140 GL-5;
CAMINHÃO;Produzidos até 2005;;Médios;11-140;11.140;1988;1992;EURO 0;EURO 0;GERENCIAMENTO - MECÂNICO;;;;;;VW;SH;G052824Q2;;;FS 4005A;5;SAE 50;;;;
CAMINHÃO;Produzidos até 2005;;Médios;11-160;11.160;1985;1986;EURO 0;EURO 0;GERENCIAMENTO - MECÂNICO;;;;;;VW;SH;G052824Q2;;;FS 4005A;5;SAE 50;HH-340/LL-345;14,1;SAE 140 GL-5;
CAMINHÃO;Produzidos até 2005;;Médios;12-140;12.140;1987;1991;EURO 0;EURO 0;GERENCIAMENTO - MECÂNICO;;;;;;VW;SH;G052824Q2;;;FS 4005A;5;SAE 50;;;;
CAMINHÃO;Produzidos até 2005;H;Médios;12-140;12.140H;1994;fev/00;EURO 0;EURO 2;GERENCIAMENTO - MECÂNICO;MWM D229-6;MWM 229;6;13;15W40 CH-4;VW;SH;G052824Q2;;;FS 4205A;6;SAE 50;RS 19-145;15,5;85W140 GL-5;
CAMINHÃO;Produzidos até 2005;T;Médios;12-140;12.140T;1997;fev/00;EURO 0;EURO 2;GERENCIAMENTO - MECÂNICO;MWM 4.10T;MWM SÉRIE 10;4;9;15W40 CH-4;VW;SH;G052824Q2;;;FS 4205A;6;SAE 50;RS 19-145;15,5;85W140 GL-5;
CAMINHÃO;Produzidos até 2005;;Médios;12-160;12.160;1987;1987;EURO 0;EURO 0;GERENCIAMENTO - MECÂNICO;;;;;;VW;SH;G052824Q2;;;;;;;;;
CAMINHÃO;Produzidos até 2005;BT;Médios;12-170;12.170 BT;1997;fev/2000;EURO 0;EURO 2;GERENCIAMENTO - MECÂNICO;CUMMINS 6BTAA;SÉRIE B;6;16,4;15W40 CH-4;VW;SH;G052824Q2;;;FS 4205A;6;SAE 50;RS 19-145/RS 19-230;15,5 / 20;85W140 GL-5;
CAMINHÃO;Produzidos até 2005;;Médios;12-180;12.180;1999;fev/2000;EURO 0;EURO 2;GERENCIAMENTO - MECÂNICO;MWM 6.10 TCA;MWM SÉRIE 10;6;18,7;15W40 CH-4;VW;SH;G052824Q2;;;FS 4205A;6;SAE 50;RS 19-145/RS 19-230;15,5 / 20;85W140 GL-5;
CAMINHÃO;Produzidos até 2005;;Médios;13-130;13.130;1981;1987;EURO 0;EURO 0;GERENCIAMENTO - MECÂNICO;;;;;;VW;SH;G052824Q2;;;Clark 280/282;5;SAE 80W90 GL-4;HH-340/LL-345;14,1;SAE 140 GL-5;
CAMINHÃO;Produzidos até 2005;;Médios;13-150;13.150;mar/00;dez/05;EURO 2;EURO 3;GERENCIAMENTO - MECÂNICO;MWM 4.10T;MWM SÉRIE 10;4;9;15W40 CH-4;VW;SH;G052824Q2;;;FS 4205A;6;SAE 50;RS 19-145/RS 19-230;15,5 / 20;85W140 GL-5;
CAMINHÃO;Produzidos até 2005;;Médios;13-170;13.170;mar/00;out/01;EURO 2;EURO 2;GERENCIAMENTO - MECÂNICO;CUMMINS 6BTAA;SÉRIE B;6;16,4;15W40 CH-4;VW;SH;G052824Q2;;;FS 4205A;6;SAE 50;RS 19-145/RS 19-230;15,5 / 20;85W140 GL-5;
CAMINHÃO;Produzidos até 2005;E;Médios;13-170;13.170 E;mar/00;out/05;EURO 2;EURO 3;GERENCIAMENTO - ELTRÔNICO;INTERACT 4.0;ISB;4;22,8;15W40 CI-4;VW;SH;G052824Q2;;;FS 4205A;6;SAE 50;RS 19-145/RS 19-230;15,5 / 20;85W140 GL-5;
CAMINHÃO;Produzidos até 2005;;Médios;13-180;13.180;mar/00;out/05;EURO 2;EURO 3;GERENCIAMENTO - MECÂNICO;MWM 6.10 TCA;MWM SÉRIE 10;6;18,7;15W40 CH-4;VW;SH;G052824Q2;;;FS 4205A;6;SAE 50;RS 19-145/RS 19-230;15,5 / 20;85W140 GL-5;
CAMINHÃO;Produzidos até 2005;;Médios;13-190;13.190;out/01;out/05;EURO 2;EURO 3;GERENCIAMENTO - MECÂNICO;CUMMINS 6BTAA;SÉRIE B;6;16,4;15W40 CH-4;VW;SH;G052824Q2;;;FS 4205A;6;SAE 50;RS 19-145/RS 19-230;15,5 / 20;85W140 GL-5;
CAMINHÃO;Produzidos até 2005;;Médios;14-140;14.140;1981;1991;EURO 0;EURO 0;GERENCIAMENTO - MECÂNICO;;;;;;VW;SH;G052824Q2;;;FS 4005A;5;SAE 50;;;;
CAMINHÃO;Produzidos até 2005;;Médios;14-150;14.150;1994;fev/00;EURO 0;EURO 2;GERENCIAMENTO - MECÂNICO;MWM 6.10T;MWM SÉRIE 10;6;18,7;15W40 CH-4;VW;SH;G052824Q2;;;FS 4205A;6;SAE 50;RS 19-145/RS 19-230;15,5 / 20;85W140 GL-5;
CAMINHÃO;Produzidos até 2005;BT;Médios;14-170;14.170 BT;1994;fev/00;EURO 0;EURO 2;GERENCIAMENTO - MECÂNICO;CUMMINS 6BTAA;SÉRIE B;6;16,4;15W40 CH-4;VW;SH;G052824Q2;;;FS 4205A;6;SAE 50;RS 19-145/RS 19-230;15,5 / 20;85W140 GL-5;
CAMINHÃO;Produzidos até 2005;;Médios;14-180;14.180;1999;fev/00;EURO 0;EURO 2;GERENCIAMENTO - MECÂNICO;MWM 6.10 TCA;MWM SÉRIE 10;6;18,7;15W40 CH-4;VW;SH;G052824Q2;;;FS 4205A;6;SAE 50;RS 19-145/RS 19-230;15,5 / 20;85W140 GL-5;
CAMINHÃO;Produzidos até 2005;;Médios;14-200;14.200;1991;1992;EURO 0;EURO 0;GERENCIAMENTO - MECÂNICO;;;;;;VW;SH;G052824Q2;;;;;;;;;
CAMINHÃO;Produzidos até 2005;;Médios;14-210;14.210;1989;1991;EURO 0;EURO 0;GERENCIAMENTO - MECÂNICO;;;;;;VW;SH;G052824Q2;;;;;;;;;
CAMINHÃO;Produzidos até 2005;;Médios;14-220;14.220;1994;fev/00;EURO 0;EURO 2;GERENCIAMENTO - MECÂNICO;CUMMINS 6CTAA;SÉRIE C;6;23,8;15W40 CH-4;VW;SH;G052824Q2;;;FS 6306A;8,6;SAE 50;RS 19-145/RS 19-230;15,5 / 20;85W140 GL-5;
CAMINHÃO;Produzidos até 2005;;Semi-Pesados;15-170;15.170;mar/00;out/01;EURO 2;EURO 2;GERENCIAMENTO - MECÂNICO;CUMMINS 6BTAA;SÉRIE B;6;16,4;15W40 CH-4;VW;SH;G052824Q2;;;FS 4205A;6;SAE 50;RS 19-145/RS 19-230;15,5 / 20;85W140 GL-5;
CAMINHÃO;Produzidos até 2005;E;Semi-Pesados;15-170;15.170 E;mar/03;out/05;EURO 2;EURO 3;GERENCIAMENTO - ELTRÔNICO;INTERACT 4.0;ISB;4;22,8;15W40 CI-4;VW;SH;G052824Q2;;;FS 4205A;6;SAE 50;RS 19-145/RS 19-230;15,5 / 20;85W140 GL-5;
CAMINHÃO;Produzidos até 2005;;Semi-Pesados;15-180;15.180;mar/00;out/05;EURO 2;EURO 3;GERENCIAMENTO - MECÂNICO;MWM 6.10 TCA;MWM SÉRIE 10;6;18,7;15W40 CH-4;VW;SH;G052824Q2;;;FS 4205A;6;SAE 50;RS 19-145/RS 19-230;15,5 / 20;85W140 GL-5;
CAMINHÃO;Produzidos até 2005;;Semi-Pesados;15-190;15.190;out/01;dez/05;EURO 2;EURO 3;GERENCIAMENTO - MECÂNICO;CUMMINS 6BTAA;SÉRIE B;6;16,4;15W40 CH-4;VW;SH;G052824Q2;;;FS 4205A;6;SAE 50;RS 19-145/RS 19-230;15,5 / 20;85W140 GL-5;
CAMINHÃO;Produzidos até 2005;BT;Semi-Pesados;16-170;16.170 BT;1994;fev/00;EURO 0;EURO 2;GERENCIAMENTO - MECÂNICO;CUMMINS 6BTAA;SÉRIE B;6;16,4;15W40 CH-4;VW;SH;G052824Q2;;;FS 5205A;5;SAE 50;RS 19-230;20;85W140 GL-5;
CAMINHÃO;Produzidos até 2005;;Semi-Pesados;16-200;16.200;1997;fev/00;EURO 0;EURO 2;GERENCIAMENTO - MECÂNICO;CUMMINS 6BTAA;SÉRIE B;6;16,4;15W40 CH-4;VW;SH;G052824Q2;;;FS 5306A;8,6;SAE 50;RS 23-240;20;85W140 GL-5;
CAMINHÃO;Produzidos até 2005;;Semi-Pesados;16-210;16.210;1988;1989;EURO 0;EURO 0;GERENCIAMENTO - MECÂNICO;;;;;;VW;SH;G052824Q2;;;;;;;;;
CAMINHÃO;Produzidos até 2005;H;Semi-Pesados;16-210;16.210 H;1989;1991;EURO 0;EURO 0;GERENCIAMENTO - MECÂNICO;;;;;;VW;SH;G052824Q2;;;;;;;;;
CAMINHÃO;Produzidos até 2005;;Semi-Pesados;16-220;16.220;1994;fev/00;EURO 0;EURO 2;GERENCIAMENTO - MECÂNICO;CUMMINS 6CTAA;SÉRIE C;6;23,8;15W40 CH-4;VW;SH;G052824Q2;;;FS 6306A;8,6;SAE 50;RS 19-145/RS 19-230;15,5 / 20;85W140 GL-5;
CAMINHÃO;Produzidos até 2005;;Semi-Pesados;16-300;16.300;1994;fev/00;EURO 0;EURO 2;GERENCIAMENTO - MECÂNICO;CUMMINS 6CTAA;SÉRIE C;6;23,8;;VW;SH;G052824Q2;;;RT 8609A;7;SAE 50;RS 23-155;21;85W140 GL-5;
CAMINHÃO;Produzidos até 2005;;Semi-Pesados;17-210;17.210;mar/00;dez/05;EURO 2;EURO 3;GERENCIAMENTO - MECÂNICO;CUMMINS 6BTAA;SÉRIE B;6;16,4;15W40 CH-4;VW;SH;G052824Q2;;;FS 5306A;8,6;SAE 50;RS 23-240;20;85W140 GL-5;
CAMINHÃO;Produzidos até 2005;;Semi-Pesados;17-210;17.210;mar/00;dez/05;EURO 2;EURO 3;GERENCIAMENTO - MECÂNICO;MWM 6.10 TCA;MWM SÉRIE 10;6;18,7;15W40 CH-4;VW;SH;G052824Q2;;;FS 5306A;8,6;SAE 50;RS 23-240;20;85W140 GL-5;
CAMINHÃO;Produzidos até 2005;;Semi-Pesados;17-220;17.220;mar/00;dez/05;EURO 2;EURO 3;GERENCIAMENTO - MECÂNICO;CUMMINS 6CTAA;SÉRIE C;6;23,8;15W40 CH-4;VW;SH;G052824Q2;;;FS 6306A;8,6;SAE 50;RS 23-155/RS 23-240;21 / 20;85W140 GL-5;
CAMINHÃO;Produzidos até 2005;;Semi-Pesados;17-250;17.250;out/03;dez/05;EURO 2;EURO 3;GERENCIAMENTO - MECÂNICO;INTERACT 6.0;ISB;6;35;15W40 CI-4;VW;SH;G052824Q2;;;FS 6306B;9,2;SAE 50;RS 23-155/RS 23-240;21 / 20;85W140 GL-5;
CAMINHÃO;Produzidos até 2005;;Semi-Pesados;17-300;17.300;mar/00;out/01;EURO 2;EURO 2;GERENCIAMENTO - MECÂNICO;CUMMINS 6CTAA;SÉRIE C;6;23,8;15W40 CH-4;VW;SH;G052824Q2;;;RT 8609A;7;SAE 50;RS 23-155;21;85W140 GL-5;
CAMINHÃO;Produzidos até 2005;;Semi-Pesados;17-310;17.310;out/01;dez/05;EURO 2;EURO 3;GERENCIAMENTO - MECÂNICO;CUMMINS 6CTAA;SÉRIE C;6;23,8;15W40 CH-4;VW;SH;G052824Q2;;;RT 8609A;7;SAE 50;RS 23-155;21;85W140 GL-5;
CAMINHÃO;Produzidos até 2005;;Semi-Pesados;22-140;22.140;1987;1990;EURO 0;EURO 0;GERENCIAMENTO - MECÂNICO;;;;;;VW;SH;G052824Q2;;;FS 4005A;5;SAE 50;145 / 147;14;SAE 140 GL-5;
CAMINHÃO;Produzidos até 2005;;Semi-Pesados;22-160;22.160;1985;1987;EURO 0;EURO 0;GERENCIAMENTO - MECÂNICO;;;;;;VW;SH;G052824Q2;;;FS 4005A;5;SAE 50;145 / 147;14;SAE 140 GL-5;
CAMINHÃO;Produzidos até 2005;;Semi-Pesados;23-210;23.210;jan/02;dez/05;EURO 2;EURO 3;GERENCIAMENTO - MECÂNICO;CUMMINS 6BTAA;SÉRIE B;6;16,4;15W40 CH-4;VW;SH;G052824Q2;;;FS 5306A;8,6;SAE 50;RS 23-240;20;85W140 GL-5;
CAMINHÃO;Produzidos até 2005;;Semi-Pesados;23-210;23.210;jan/02;dez/05;EURO 2;EURO 3;GERENCIAMENTO - MECÂNICO;MWM 6.10 TCA;MWM SÉRIE 10;6;18,7;15W40 CH-4;VW;SH;G052824Q2;;;FS 5306A;8,6;SAE 50;RS 23-240;20;85W140 GL-5;
CAMINHÃO;Produzidos até 2005;;Semi-Pesados;23-220;23.220;jan/02;dez/05;EURO 2;EURO 3;GERENCIAMENTO - MECÂNICO;CUMMINS 6CTAA;SÉRIE C;6;23,8;15W40 CH-4;VW;SH;G052824Q2;;;FS 6306A;8,6;SAE 50;RS 23-155/RS 23-240;21 / 20;85W140 GL-5;
CAMINHÃO;Produzidos até 2005;E;Semi-Pesados;23-250;23.250 E;out/03;dez/05;EURO 2;EURO 3;GERENCIAMENTO - ELTRÔNICO;INTERACT 6.0;ISB;6;35;15W40 CI-4;VW;SH;G052824Q2;;;FS 6306B;9,2;SAE 50;RS 23-240;20;85W140 GL-5;
CAMINHÃO;Produzidos até 2005;;Semi-Pesados;23-310;23.310;jan/02;dez/05;EURO 2;EURO 3;GERENCIAMENTO - MECÂNICO;CUMMINS 6CTAA;SÉRIE C;6;22;15W40 CH-4;VW;SH;G052824Q2;;;RT 8609A;7;SAE 50;RS 23-155;21;85W140 GL-5;
CAMINHÃO;Produzidos até 2005;;Semi-Pesados;24-220;24.220;1991;fev/00;EURO 0;EURO 2;GERENCIAMENTO - MECÂNICO;CUMMINS 6CTAA;SÉRIE C;6;23,8;15W40 CH-4;VW;SH;G052824Q2;;;RT 7608LL;9,2;SAE 50;RD 23-145 / RS 23-145;12,3 / 15,5;85W140 GL-5;6X4
CAMINHÃO;Produzidos até 2005;;Semi-Pesados;24-220;24.220;mar/00;out/01;EURO 2;EURO 2;GERENCIAMENTO - MECÂNICO;CUMMINS 6CTAA;SÉRIE C;6;22;15W40 CH-4;VW;SH;G052824Q2;;;RT 7608LL;9,2;SAE 50;RD 23-145 / RS 23-145;19,5 / 16;85W140 GL-5;6X4
CAMINHÃO;Produzidos até 2005;;Semi-Pesados;24-250;24.250;1991;fev/00;EURO 0;EURO 2;GERENCIAMENTO - MECÂNICO;CUMMINS 6CTAA;SÉRIE C;6;23,8;15W40 CH-4;VW;SH;G052824Q2;;;RT 7608LL;9,2;SAE 50;RD 23-145 / RS 23-145;12,3 / 15,5;85W140 GL-5;6X4
CAMINHÃO;Produzidos até 2005;;Semi-Pesados;24-250;24.250;mar/00;out/01;EURO 2;EURO 2;GERENCIAMENTO - MECÂNICO;CUMMINS 6CTAA;SÉRIE C;6;22;15W40 CH-4;VW;SH;G052824Q2;;;RT 7608LL;9,2;SAE 50;RD 23-145 / RS 23-145;19,5 / 16;85W140 GL-5;6X4
CAMINHÃO;Produzidos até 2005;;Semi-Pesados;26-220;26.220;out/01;dez/05;EURO 2;EURO 3;GERENCIAMENTO - MECÂNICO;CUMMINS 6CTAA;SÉRIE C;6;22;15W40 CH-4;VW;SH;G052824Q2;;;RT 7608LL;9,2;SAE 50;RD 23-145 / RS 23-145;19,5 / 16;85W140 GL-5;6X4
CAMINHÃO;Produzidos até 2005;;Semi-Pesados;26-260;26.260;out/01;dez/05;EURO 2;EURO 3;GERENCIAMENTO - MECÂNICO;CUMMINS 6CTAA;SÉRIE C;6;22;15W40 CH-4;VW;SH;G052824Q2;;;RT 7608LL;9,2;SAE 50;CONJUNTO MT 46-165 MD 25-168 / 23-165/168 ;19,5 / 16;85W140 GL-5;6X4
CAMINHÃO;Produzidos até 2005;;Semi-Pesados;26-300;26.300;mar/00;out/01;EURO 2;EURO 2;GERENCIAMENTO - MECÂNICO;CUMMINS 6CTAA;SÉRIE C;6;22;15W40 CH-4;VW;SH;G052824Q2;;;RT 11710B;12;SAE 50;CONJUNTO MT 46-165 MD 25-168 / 23-165/168 ;19,5 / 16;85W140 GL-5;6X4
CAMINHÃO;Produzidos até 2005;;Semi-Pesados;26-310;26.310;out/01;dez/05;EURO 2;EURO 3;GERENCIAMENTO - MECÂNICO;CUMMINS 6CTAA;SÉRIE C;6;22;15W40 CH-4;VW;SH;G052824Q2;;;RT 11710B;12;SAE 50;CONJUNTO MT 46-165 MD 25-168 / 23-165/168 ;19,5 / 16;85W140 GL-5;6X4
CAMINHÃO;Produzidos até 2005;;Semi-Pesados;31-260;31.260;out/04;dez/05;EURO 3;EURO 3;GERENCIAMENTO - MECÂNICO;CUMMINS 6CTAA;SÉRIE C;6;22;15W40 CH-4;VW;SH;G052824Q2;;;RT 8908LL;13;SAE 50;MT 50-168 / RS 25-168;19 / 19;85W140 GL-5;6X4
CAMINHÃO;Produzidos até 2005;;Semi-Pesados;31-310;31.310;out/04;dez/05;EURO 3;EURO 3;GERENCIAMENTO - MECÂNICO;CUMMINS 6CTAA;SÉRIE C;6;22;15W40 CH-4;VW;SH;G052824Q2;;;RT 8908LL;13;SAE 50;MT 50-168 / RS 25-168;19 / 19;85W140 GL-5;6X4
CAMINHÃO;Produzidos até 2005;;Semi-Pesados;35-300;35.300;1985;fev/00;EURO 0;EURO 2;GERENCIAMENTO - MECÂNICO;CUMMINS 6CTAA;SÉRIE C;6;23,8;15W40 CH-4;VW;SH;G052824Q2;;;RT 8609A;7;SAE 50;RS 23-155;21;85W140 GL-5;6X4
CAMINHÃO;Produzidos até 2005;;Pesados;18-310;18.310;jan/02;dez/05;EURO 2;EURO 3;GERENCIAMENTO - MECÂNICO;CUMMINS 6CTAA;SÉRIE C;6;22;15W40 CH-4;VW;SH;G052824Q2;;;RT 8908LL;13;SAE 50;MT 50-168 / RS 25-168;19 / 19;85W140 GL-5;4X2
CAMINHÃO;Produzidos até 2005;;Pesados;40-300;40.300;1985;fev/00;EURO 0;EURO 2;GERENCIAMENTO - MECÂNICO;CUMMINS 6CTAA;SÉRIE C;6;22;15W40 CH-4;VW;SH;G052824Q2;;;RT 11710B;12;SAE 50;RS 23-160;21;85W140 GL-5;4X2
CAMINHÃO;Produzidos até 2005;;Pesados;40-300;40.300;mar/00;out/01;EURO 2;EURO 2;GERENCIAMENTO - MECÂNICO;CUMMINS 6CTAA;SÉRIE C;6;22;15W40 CH-4;VW;SH;G052824Q2;;;RT 11710B;12;SAE 50;RS 23-160;21;85W140 GL-5;4X2
CAMINHÃO;Delivery;E;Leve;5-140;5.140 E;out/05;dez/11;EURO 3;EURO 3;GERENCIAMENTO - ELTRÔNICO;MWM TCE 4.08;SPRINT;4;8,5;15W40 CI-4;VW;SH;G052824Q2;;;FS 2305 C;3,5;SAE 80W90 GL-4;DANA M267;3,2;85W140 GL-5;4X2
CAMINHÃO;Delivery;E;Leve;8-150;8.150 E;out/05;dez/11;EURO 3;EURO 3;GERENCIAMENTO - ELTRÔNICO;MWM TCE 4.08;SPRINT;4;8,5;15W40 CI-4;VW;SH;G052824Q2;;;FSO 4405C;4,6;SAE 80W90 GL-4;DANA M284;3,8;85W140 GL-5;4X2
CAMINHÃO;Delivery;E Plus;Leve;8-150;8.150 E Plus;mai/10;dez/11;EURO 3;EURO 3;GERENCIAMENTO - ELTRÔNICO;INTERACT 4.0;ISB;4;9,3;15W40 CI-4;VW;SH;G052824Q2;;;ZF S5-420;4,1;SAE 80W OU 80W90 GL-4;DANA M284;3,8;85W140 GL-5;4X2
CAMINHÃO;Delivery;;Leve;9-150;9.150;mai/10;dez/11;EURO 3;EURO 3;GERENCIAMENTO - ELTRÔNICO;INTERACT 4.0;ISB;4;9,3;15W40 CI-4;VW;SH;G052824Q2;;;ZF S5-420;4,1;SAE 80W OU 80W90 GL-4;MS 13-113 HD;6,8;85W140 GL-5;4X2
CAMINHÃO;Worker;;leve;8-120;8.120;mar/05;dez/11;EURO 3;EURO 3;GERENCIAMENTO - MECÂNICO;MWM 4.10 TCA;MWM SÉRIE 10;4;9;15W40 CI-4;VW;SH;G052824Q2;;;FSO 4305C;5;SAE 80W90 GL-4;DANA M284;4;85W140 GL-5;4X2
CAMINHÃO;Worker;E;leve;8-150;8.150 E;mar/05;dez/11;EURO 3;EURO 3;GERENCIAMENTO - ELTRÔNICO;INTERACT 4.0;ISB;4;8,6;15W40 CI-4;VW;SH;G052824Q2;;;FSO 4305C;5;SAE 80W90 GL-4;DANA M284;4;85W140 GL-5;4X2
CAMINHÃO;Worker;E;Leve;9-150;9.150 E;mai/10;dez/11;EURO 3;EURO 3;GERENCIAMENTO - ELTRÔNICO;INTERACT 4.0;ISB;4;8,6;15W40 CI-4;VW;SH;G052824Q2;;;FSO 4305C;5;SAE 80W90 GL-4;MS 13-113 HD;6,8;85W140 GL-5;4X2
CAMINHÃO;Worker;E;Médios;13-180;13.180 E;out/05;dez/11;EURO 3;EURO 3;GERENCIAMENTO - ELTRÔNICO;MWM 4.12 TCAE;MWM SÉRIE 12;4;15,5;15W40 CI-4;VW;SH;G052824Q2;;;FS 4205A;6;SAE 50;RS 23-230;20;85W140 GL-5;4X2
CAMINHÃO;Worker;;Médios;13-180;13.180;out/05;dez/11;EURO 3;EURO 3;GERENCIAMENTO - MECÂNICO;MWM 6.10 TCA;MWM SÉRIE 10;6;16,4;15W40 CI-4;VW;SH;G052824Q2;;;FS 4205A;6;SAE 50;RS 19-230 / RS 19-145;20 / 15;85W140 GL-5;4X2
CAMINHÃO;Worker;E;Médios;13-180;13.180 E;ago/09;dez/11;EURO 3;EURO 3;GERENCIAMENTO - ELTRÔNICO;INTERACT 4.0;ISB;4;15,5;15W40 CI-4;VW;SH;G052824Q2;;;FS 4205A;6;SAE 50;RS 19-230 / RS 19-145;20 / 15;85W140 GL-5;4X2
CAMINHÃO;Worker;4X4;Semi-Pesados;15-180;15.180 4X4;dez/06;dez/11;EURO 3;EURO 3;GERENCIAMENTO - MECÂNICO;MWM 6.10 TCA;MWM SÉRIE 10;6;18,7;15W40 CI-4;VW;SH;G052824Q2;;;FSB 6206A;9,6;SAE 50;RS 23-145;15;85W140 GL-5;4X4
CAMINHÃO;Worker;E;Semi-Pesados;15-180;15.180 E;out/05;dez/11;EURO 3;EURO 3;GERENCIAMENTO - ELTRÔNICO;MWM 4.12 TCAE;MWM SÉRIE 12;4;15,5;15W40 CI-4;VW;SH;G052824Q2;;;FS 4205A;6;SAE 50;RS 23-230;20;85W140 GL-5;4X2
CAMINHÃO;Worker;;Semi-Pesados;15-180;15.180;out/05;dez/11;EURO 3;EURO 3;GERENCIAMENTO - MECÂNICO;MWM 6.10 TCA;MWM SÉRIE 10;6;16,4;15W40 CI-4;VW;SH;G052824Q2;;;FS 4205A;6;SAE 50;RS 23-145 / RS 23-230;15 / 20;85W140 GL-5;4X2
CAMINHÃO;Worker;E;Semi-Pesados;15-180;15.180 E;ago/09;dez/11;EURO 3;EURO 3;GERENCIAMENTO - ELTRÔNICO;INTERACT 4.0;ISB;4;15,5;15W40 CI-4;VW;SH;G052824Q2;;;FS 4205A;6;SAE 50;RS 23-145 / RS 23-230;15 / 20;85W140 GL-5;4X2
CAMINHÃO;Worker;4X4;Semi-Pesados;15-210;15.210 4x4;fev/07;dez/11;EURO 3;EURO 3;GERENCIAMENTO - MECÂNICO;MWM 6.10 TCA;MWM SÉRIE 10;6;18,7;15W40 CI-4;VW;SH;G052824Q2;;;FSB 6206A;9,6;SAE 50;RS 23-145;15;85W140 GL-5;4X4
CAMINHÃO;Worker;;Semi-Pesados;17-180;17.180;out/05;dez/11;EURO 3;EURO 3;GERENCIAMENTO - MECÂNICO;MWM 6.10 TCA;MWM SÉRIE 10;6;16,4;15W40 CI-4;VW;SH;G052824Q2;;;FS 5306A;8,6;SAE 50;RS 23-240;20;85W140 GL-5;4X2
CAMINHÃO;Worker;Distributor;Semi-Pesados;17-180;17.180 Distributor;out/05;dez/11;EURO 3;EURO 3;GERENCIAMENTO - MECÂNICO;CUMMINS 6CTAA;SÉRIE C;6;22;15W40 CI-4;VW;SH;G052824Q2;;;FS 5306A;8,6;SAE 50;RS 23-240;20;85W140 GL-5;4X2
CAMINHÃO;Worker;;Semi-Pesados;17-220;17.220;out/05;dez/11;EURO 3;EURO 3;GERENCIAMENTO - MECÂNICO;CUMMINS 6CTAA;SÉRIE C;6;22;15W40 CI-4;VW;SH;G052824Q2;;;FS 6306A;8,6;SAE 50;RS 23-155/RS 23-240;21 / 20;85W140 GL-5;4X2
CAMINHÃO;Worker;Tractor;Semi-Pesados;17-220;17.220 Tractor;out/05;dez/11;EURO 3;EURO 3;GERENCIAMENTO - MECÂNICO;CUMMINS 6CTAA;SÉRIE C;6;22;15W40 CI-4;VW;SH;G052824Q2;;;FS 6306A;8,6;SAE 50;RS 23-240;20;85W140 GL-5;4X2
CAMINHÃO;Worker;E;Semi-Pesados;17-250;17.250 E;out/05;dez/11;EURO 3;EURO 3;GERENCIAMENTO - ELTRÔNICO;INTERACT 6.0;ISB;6;35;15W40 CI-4;VW;SH;G052824Q2;;;FS 6306B;9,2;SAE 50;RS 23-155/RS 23-240;21 / 20;85W140 GL-5;4X2
CAMINHÃO;Worker;Compactor;Pesados;17-250;17.250 E Compactor;out/08;dez/11;EURO 3;EURO 3;GERENCIAMENTO - ELTRÔNICO;INTERACT 6.0;ISB;6;35;15W40 CI-4;VW;SH;G052824Q2;;;Allison;;;RS 23-155/RS 23-240;21 / 20;85W140 GL-5;4X2
CAMINHÃO;Worker;;Semi-Pesados;24-220;24.220;out/05;dez/11;EURO 3;EURO 3;GERENCIAMENTO - MECÂNICO;CUMMINS 6CTAA;SÉRIE C;6;22;15W40 CI-4;VW;SH;G052824Q2;;;FS 6306A;8,6;SAE 50;RS 23-155/RS 23-240;21 / 20;85W140 GL-5;6X2
CAMINHÃO;Worker;E;Semi-Pesados;24-250;24.250 E;out/05;dez/11;EURO 3;EURO 3;GERENCIAMENTO - ELTRÔNICO;INTERACT 6.0;ISB;6;35;15W40 CI-4;VW;SH;G052824Q2;;;FS 6306B;9,2;SAE 50;RS 23-240;20;85W140 GL-5;6X2
CAMINHÃO;Worker;;Semi-Pesados;26-220;26.220;out/05;dez/11;EURO 3;EURO 3;GERENCIAMENTO - MECÂNICO;CUMMINS 6CTAA;SÉRIE C;6;22;15W40 CI-4;VW;SH;G052824Q2;;;RT 7608LL;9,2;SAE 50;CONJUNTO MT 46-165 RD 23-145 / RS 23-145;19,5 / 16;85W140 GL-5;6X4
CAMINHÃO;Worker;E;Semi-Pesados;26-260;26.260 E;out/05;dez/11;EURO 3;EURO 3;GERENCIAMENTO - ELTRÔNICO;MWM 6.12 TCAE;MWM SÉRIE 12;6;20;15W40 CI-4;VW;SH;G052824Q2;;;RT 7608LL;9,2;SAE 50;CONJUNTO MT 46-165;19,5 / 16;85W140 GL-5;6X4
CAMINHÃO;Worker;Constructor;Semi-Pesados;26-260;26.260 E Constructor;out/05;dez/11;EURO 3;EURO 3;GERENCIAMENTO - ELTRÔNICO;MWM 6.12 TCAE;MWM SÉRIE 12;6;20;15W40 CI-4;VW;SH;G052824Q2;;;RT 7608LL;9,2;SAE 50;CONJUNTO MT 46-165;19,5 / 16;85W140 GL-5;6X4
CAMINHÃO;Worker;E;Semi-Pesados;31-260;31.260 E;out/05;dez/11;EURO 3;EURO 3;GERENCIAMENTO - ELTRÔNICO;MWM 6.12 TCAE;MWM SÉRIE 12;6;20;15W40 CI-4;VW;SH;G052824Q2;;;RT 7608LL;9,2;SAE 50;CONJUNTO MT 50-168;19 / 19;85W140 GL-5;6X4
CAMINHÃO;Constellation;;Médios;13-180;13.180;ago/06;dez/11;EURO 3;EURO 3;GERENCIAMENTO - ELTRÔNICO;MWM 4.12 TCAE;MWM SÉRIE 12;4;15,5;15W40 CI-4;VW;SH;G052824Q2;;;FS 4205A;6;SAE 50;RS 19-230 / RS 19-145;20 / 15;85W140 GL-5;4X2
CAMINHÃO;Constellation;;Semi-Pesados;15-180;15.180;ago/06;dez/11;EURO 3;EURO 3;GERENCIAMENTO - ELTRÔNICO;MWM 4.12 TCAE;MWM SÉRIE 12;4;15,5;15W40 CI-4;VW;SH;G052824Q2;;;FS 4205A;6;SAE 50;RS 19-230 / RS 19-145;20 / 15;85W140 GL-5;4X2
CAMINHÃO;Constellation;;Semi-Pesados;17-250;17.250;jan/06;dez/11;EURO 3;EURO 3;GERENCIAMENTO - ELTRÔNICO;INTERACT 6.0;ISB;6;35;15W40 CI-4;VW;SH;G052824Q2;;;FS 6306B;9,2;SAE 50;RS 23-155/RS 23-240;21 / 20;85W140 GL-5;4X2
CAMINHÃO;Constellation;Tractor;Semi-Pesados;17-250;17.250 Tractor;fev/08;dez/11;EURO 3;EURO 3;GERENCIAMENTO - ELTRÔNICO;INTERACT 6.0;ISB;6;35;15W40 CI-4;VW;SH;G052824Q2;;;FS 6306B;9,2;SAE 50;RS 23-240;20;85W140 GL-5;4X2
CAMINHÃO;Constellation;;Pesados;19-320;19.320;jan/06;dez/11;EURO 3;EURO 3;GERENCIAMENTO - ELTRÔNICO;CUMMINS ISC 8.3L;ISC;6;22;15W40 CI-4;VW;SH;G052824Q2;31,5;2;ZF 16S 1650;14,5;SAE 80W OU 80W90 GL-4;RS 23-165;21;85W140 GL-5;4X2
CAMINHÃO;Constellation;;Pesados;17-320;17.320;dez/09;dez/11;EURO 3;EURO 3;GERENCIAMENTO - ELTRÔNICO;CUMMINS ISC 8.3L;ISC;6;22;15W40 CI-4;VW;SH;G052824Q2;31,5;2;ZF 16S 1650;14,5;SAE 80W OU 80W90 GL-4;RS 23-165;21;85W140 GL-5;4X2
CAMINHÃO;Constellation;;Pesados;19-370;19.370;ago/07;dez/11;EURO 3;EURO 3;GERENCIAMENTO - ELTRÔNICO;NGD;MWM NGD;6;44;15W40 CI-4;VW;SH;G052824Q2;29;2;ZF 16S 1685 TD;14,4;SAE 80W OU 80W90 GL-4;RS 23-185;21;85W140 GL-5;4X2
CAMINHÃO;Constellation;;Semi-Pesados;24-250;24.250;jan/06;dez/11;EURO 3;EURO 3;GERENCIAMENTO - ELTRÔNICO;INTERACT 6.0;ISB;6;35;15W40 CI-4;VW;SH;G052824Q2;34,2;2;FS 6306B;9,2;SAE 50;RS 23-240;20;85W140 GL-5;6X2
CAMINHÃO;Constellation;;Semi-Pesados;24-320;24.320;dez/09;dez/11;EURO 3;EURO 3;GERENCIAMENTO - ELTRÔNICO;CUMMINS ISC 8.3L;ISC;6;22;15W40 CI-4;VW;SH;G052824Q2;31,5;2;ZF 16S 1650;14,5;SAE 80W OU 80W90 GL-4;RS 23-165;21;85W140 GL-5;6X2
CAMINHÃO;Constellation;;Pesados;25-320;25.320;dez/09;dez/11;EURO 3;EURO 3;GERENCIAMENTO - ELTRÔNICO;CUMMINS ISC 8.3L;ISC;6;22;15W40 CI-4;VW;SH;G052824Q2;31,5;2;ZF 16S 1650;14,5;SAE 80W OU 80W90 GL-4;RS 23-185;21;85W140 GL-5;4X2
CAMINHÃO;Constellation;;Pesados;25-370;25.370;ago/07;dez/11;EURO 3;EURO 3;GERENCIAMENTO - ELTRÔNICO;NGD;MWM NGD;6;44;15W40 CI-4;VW;SH;G052824Q2;29;2;ZF 16S 1685 TD;14,4;SAE 80W OU 80W90 GL-4;RS 23-185;21;85W140 GL-5;4X2
CAMINHÃO;Constellation;;Pesados;26-370;26.370;set/09;dez/11;EURO 3;EURO 3;GERENCIAMENTO - ELTRÔNICO;NGD;MWM NGD;6;44;15W40 CI-4;VW;SH;G052824Q2;29;2;ZF 16S 1685 TD;14,4;SAE 80W OU 80W90 GL-4;MD/MR 23-168;21;85W140 GL-5;6X4
CAMINHÃO;Constellation;E;Semi-Pesados;26-260;26.260 E;mar/08;dez/11;EURO 3;EURO 3;GERENCIAMENTO - ELTRÔNICO;MWM 6.12 TCAE;MWM SÉRIE 12;6;20;15W40 CI-4;VW;SH;G052824Q2;33;2;RT 8908LL;13;SAE 50;CONJUNTO MT 46-165;19,5 / 16;85W140 GL-5;6X4
CAMINHÃO;Constellation;E;Semi-Pesados;31-260;31.260 E;abr/08;dez/11;EURO 3;EURO 3;GERENCIAMENTO - ELTRÔNICO;MWM 6.12 TCAE;MWM SÉRIE 12;6;20;15W40 CI-4;VW;SH;G052824Q2;33;2;RT 8908LL;13;SAE 50;CONJUNTO MT 50-168;19 / 19;85W140 GL-5;6X4
CAMINHÃO;Constellation;;Semi-Pesados;31-320;31.320;fev/07;dez/11;EURO 3;EURO 3;GERENCIAMENTO - ELTRÔNICO;CUMMINS ISC 8.3L;ISC;6;22;15W40 CI-4;VW;SH;G052824Q2;31,5;2;ZF 16S 1650;14,5;SAE 80W OU 80W90 GL-4;CONJUNTO MT 50-168;19 / 19;85W140 GL-5;6X4
CAMINHÃO;Constellation;;Semi-Pesados;31-370;31.370;ago/07;dez/11;EURO 3;EURO 3;GERENCIAMENTO - ELTRÔNICO;NGD;MWM NGD;6;44;15W40 CI-4;VW;SH;G052824Q2;29;2;ZF 16S 1685 TD;14,4;SAE 80W OU 80W90 GL-4;CONJUNTO MT 50-168;19 / 19;85W140 GL-5;6X4
ÔNIBUS;Produzidos até 2005;CO-CE;Micro;7-110;7.110 CO-CE;1992;1994;EURO 0;EURO 1;GERENCIAMENTO - MECÂNICO;;;;;;VW;SH;G052824Q2;;;;;;;;;4X2
ÔNIBUS;Produzidos até 2005;;Micro;8-120;8.120;jun/2003;dez/2005;EURO 2;EURO 3;GERENCIAMENTO - MECÂNICO;MWM 4.10 TCA;MWM SÉRIE 10;4;9;15W40 CH-4;VW;SH;G052824Q2;20;2,5;ZF S5-420;4,1;SAE 80W OU 80W90 GL-4;DANA 480;5;85W140 GL-5;4X2
ÔNIBUS;Produzidos até 2005;CO-CE;Micro;8-140;8.140 CO-CE;abr/94;jan/01;EURO 0;EURO 2;GERENCIAMENTO - MECÂNICO;MWM 4.10T;MWM SÉRIE 10;4;9;15W40 CH-4;VW;SH;G052824Q2;20;2,5;FSO 4305C;5;SAE 80W90 GL-4;DANA 80 / DANA 411;5L / 5L;85W140 GL-5;4X2
ÔNIBUS;Produzidos até 2005;OD;Micro;8-150;8.150 OD;jan/01;mai/03;EURO 2;EURO 2;GERENCIAMENTO - MECÂNICO;MWM 4.10 TCA;MWM SÉRIE 10;4;9;15W40 CH-4;VW;SH;G052824Q2;20;2,5;FSO 4305C;5;SAE 80W90 GL-4;DANA 480;5;85W140 GL-5;4X2
ÔNIBUS;Produzidos até 2005;OD;Micro;8-150;8.150 OD;jun/03;dez/05;EURO 2;EURO 3;GERENCIAMENTO - MECÂNICO;MWM 4.10 TCA;MWM SÉRIE 10;4;9;15W40 CH-4;VW;SH;G052824Q2;20;2,5;ZF S5-420;4,1;SAE 80W OU 80W90 GL-4;DANA 480;5;85W140 GL-5;4X2
ÔNIBUS;Produzidos até 2005;OD;Micro;9-150;9.150 OD;jan/01;mai/03;EURO 2;EURO 2;GERENCIAMENTO - MECÂNICO;MWM 4.10 TCA;MWM SÉRIE 10;4;9;15W40 CH-4;VW;SH;G052824Q2;20;2,5;FSO 4305C;5;SAE 80W90 GL-4;DANA 480;5;85W140 GL-5;4X2
ÔNIBUS;Produzidos até 2005;OD;Micro;9-150;9.150 OD;jun/03;dez/05;EURO 2;EURO 3;GERENCIAMENTO - MECÂNICO;MWM 4.10 TCA;MWM SÉRIE 10;4;9;15W40 CH-4;VW;SH;G052824Q2;20;2,5;ZF S5-420;4,1;SAE 80W OU 80W90 GL-4;DANA 480;5;85W140 GL-5;4X2
ÔNIBUS;Produzidos até 2005;CO;Motor Dianteiro;16-210;16.210 CO;jul/07;ago/01;EURO 3;EURO 2;GERENCIAMENTO - MECÂNICO;MWM 6.10 TCA;MWM SÉRIE 10;6;20;15W40 CI-4;VW;SH;G052824Q2;26;3,6;FS 5106A;8,5;SAE 50;RS 23-155/RS 23-240;21 / 20;85W140 GL-5;4X2
ÔNIBUS;Produzidos até 2005;OD;Motor Dianteiro;17-210;17.210 OD;jan/01;dez/05;EURO 2;EURO 3;GERENCIAMENTO - MECÂNICO;MWM 6.10 TCA;MWM SÉRIE 10;6;20;15W40 CI-4;VW;SH;G052824Q2;26;3,6;FS 5106A;8,5;SAE 50;RS 23-155/RS 23-240;21 / 20;85W140 GL-5;4X2
ÔNIBUS;Produzidos até 2005;OT;Motor Traseiro;17-240;17.240 OT;ago/01;dez/05;EURO 2;EURO 3;GERENCIAMENTO - MECÂNICO;MWM 6.10 TCA;MWM SÉRIE 10;6;20;15W40 CI-4;VW;SH;G052824Q2;21,5;4,3;FS 6406;8,5;SAE 50;RS 23-155;21;85W140 GL-5;4X2
ÔNIBUS;Produzidos até 2005;OT;Motor Traseiro;17-240;17.240 OT;ago/01;dez/05;EURO 2;EURO 3;GERENCIAMENTO - MECÂNICO;MWM 6.10 TCA;MWM SÉRIE 10;6;20;15W40 CI-4;VW;SH;G052824Q2;31,3;4,3;Allison MT-643R;;DEXON III;RS 23-155;21;85W140 GL-5;4X2
ÔNIBUS;Produzidos até 2005;OT;Motor Traseiro;17-240;17.240 OT;ago/01;dez/05;EURO 2;EURO 3;GERENCIAMENTO - MECÂNICO;MWM 6.10 TCA;MWM SÉRIE 10;6;20;15W40 CI-4;VW;SH;G052824Q2;31,3;4,3;ZF ECOMAT 4HP-500;30;DEXON III-C4;RS 23-155;21;85W140 GL-5;4X2
ÔNIBUS;Produzidos até 2005;OT;Motor Traseiro;18-310;18.310 OT;out/03;dez/05;EURO 2;EURO 3;GERENCIAMENTO - MECÂNICO;CUMMINS 6CTAA;SÉRIE C;6;22;15W40 CI-4;VW;SH;G052824Q2;33,2;3,7;FSBO 8406A;12;SAE 50;RS 23-155;21;85W140 GL-5;4X2
ÔNIBUS;Produzidos até 2005;OT;Motor Traseiro;18-310;18.310 OT;out/03;dez/05;EURO 2;EURO 3;GERENCIAMENTO - MECÂNICO;CUMMINS 6CTAA;SÉRIE C;6;22;15W40 CI-4;VW;SH;G052824Q2;33,2;3,7;ZF ECOMAT 4HP-590;30;DEXON III-C4;RS 23-160;21;85W140 GL-5;4X2
ÔNIBUS;Micro;E OD;Micro;5-140;5.140 E OD;out/05;dez/11;EURO 3;EURO 3;GERENCIAMENTO - ELTRÔNICO;MWM TCE 4.08;SPRINT;4;8,5;15W40 CI-4;VW;SH;G052824Q2;14,1;2,5;FS 2305 C;3,5;SAE 80W90 GL-4;DANA M267;3,2;85W140 GL-5;4X2
ÔNIBUS;Micro;OD;Micro;8-120;8.120 OD;out/05;dez/11;EURO 3;EURO 3;GERENCIAMENTO - MECÂNICO;MWM 4.10 TCA;MWM SÉRIE 10;4;9;15W40 CI-4;VW;SH;G052824Q2;21,6;2,5;ZF S5-420;4,1;SAE 80W OU 80W90 GL-4;DANA 480;5;85W140 GL-5;4X2
ÔNIBUS;Micro;E OD;Micro;8-150;8.150 E OD;jan/04;dez/11;EURO 3;EURO 3;GERENCIAMENTO - ELTRÔNICO;INTERACT 4.0;ISB;4;8,6;15W40 CI-4;VW;SH;G052824Q2;21,6;2,5;ZF S5-420;4,1;SAE 80W OU 80W90 GL-4;DANA 480;5;85W140 GL-5;4X2
ÔNIBUS;Micro;E OD;Micro;8-150;8.150 E OD;out/05;dez/11;EURO 3;EURO 3;GERENCIAMENTO - ELTRÔNICO;MWM TCE 4.08;SPRINT;4;8,5;15W40 CI-4;VW;SH;G052824Q2;14,1;2,5;FSO 4405C;4,6;SAE 80W90 GL-4;DANA M284;4;85W140 GL-5;4X2
ÔNIBUS;Micro;E OD;Micro;8-150;8.150 E OD;jun/04;dez/11;EURO 3;EURO 3;GERENCIAMENTO - ELTRÔNICO;MWM 4.12 TCAE;MWM SÉRIE 12;4;9;15W40 CI-4;VW;SH;G052824Q2;21,6;2,5;ZF S5-420;4,1;SAE 80W OU 80W90 GL-4;DANA 480;5;85W140 GL-5;4X2
ÔNIBUS;Micro;E OD;Micro;9-150;9.150 E OD;jan/04;dez/11;EURO 3;EURO 3;GERENCIAMENTO - ELTRÔNICO;INTERACT 4.0;ISB;4;8,6;15W40 CI-4;VW;SH;G052824Q2;21,6;2,5;ZF S5-420;4,1;SAE 80W OU 80W90 GL-4;DANA 480;5;85W140 GL-5;4X2
ÔNIBUS;Micro;E OD;Micro;8-150;8.150 E OD;jun/04;dez/11;EURO 3;EURO 3;GERENCIAMENTO - ELTRÔNICO;MWM 4.12 TCAE;MWM SÉRIE 12;4;9;15W40 CI-4;VW;SH;G052824Q2;21,6;2,5;ZF S5-420;4,1;SAE 80W OU 80W90 GL-4;DANA 480;5;85W140 GL-5;4X2
ÔNIBUS;Motor Dianteiro;E OD;Motor Dianteiro;15-180;15.180 E OD;nov/04;set/06;EURO 3;EURO 3;GERENCIAMENTO - ELTRÔNICO;MWM 4.12 TCAE;MWM SÉRIE 12;4;9;15W40 CI-4;VW;SH;G052824Q2;26;3,6;FS 6406;8,5;SAE 50;RS 23-145;15;85W140 GL-5;4X2
ÔNIBUS;Motor Dianteiro;E OD;Motor Dianteiro;15-190;15.190 E OD;set/07;dez/11;EURO 3;EURO 3;GERENCIAMENTO - ELTRÔNICO;MWM 4.12 TCAE;MWM SÉRIE 12;4;9;15W40 CI-4;VW;SH;G052824Q2;26;3,6;FSB 6406A;9,2;SAE 50;RS 23-155/RS 23-240;21 / 20;85W140 GL-5;4X2
ÔNIBUS;Motor Dianteiro;E OD;Motor Dianteiro;15-190;15.190 E OD;out/06;ago/07;EURO 3;EURO 3;GERENCIAMENTO - ELTRÔNICO;MWM 4.12 TCAE;MWM SÉRIE 12;4;9;15W40 CI-4;VW;SH;G052824Q2;26;3,6;FSB 5406A;9,2;SAE 50;RS 23-155/RS 23-240;21 / 20;85W140 GL-5;4X2
ÔNIBUS;Motor Dianteiro;E OD;Motor Dianteiro;17-210;17.210 E OD;mar/04;set/06;EURO 3;EURO 3;GERENCIAMENTO - ELTRÔNICO;MWM 6.12 TCAE;MWM SÉRIE 12;6;20;15W40 CI-4;VW;SH;G052824Q2;26,2;3,6;FSB 5405B;8,5;SAE 50;RS 23-155/RS 23-240;21 / 20;85W140 GL-5;4X2
ÔNIBUS;Motor Dianteiro;E OD;Motor Dianteiro;17-230;17.230 E OD;mar/04;dez/11;EURO 3;EURO 3;GERENCIAMENTO - ELTRÔNICO;MWM 6.12 TCAE;MWM SÉRIE 12;6;20;15W40 CI-4;VW;SH;G052824Q2;26,2;3,6;FSB 6206A;9,6;SAE 50;RS 23-155;21;85W140 GL-5;4X2
ÔNIBUS;Motor Dianteiro;E OD;Motor Dianteiro;17-230;17.230 E OD;nov/09;dez/11;EURO 3;EURO 3;GERENCIAMENTO - ELTRÔNICO;MWM 6.12 TCAE;MWM SÉRIE 12;6;20;15W40 CI-4;VW;SH;G052824Q2;26,2;3,6;ZF 6S 1010 BO;9,2;SAE 80W OU 80W90 GL-4;RS 23-155;21;85W140 GL-5;4X2
ÔNIBUS;Motor Dianteiro;V-TRONIC - E OD;Motor Dianteiro;17-230;17.230 E OD;jul/08;dez/11;EURO 3;EURO 3;GERENCIAMENTO - ELTRÔNICO;MWM 6.12 TCAE;MWM SÉRIE 12;6;20;15W40 CI-4;VW;SH;G052824Q2;26,2;3,6;ZF 6AS 1010 BO;9,2;75W80;RS 23-155;21;85W140 GL-5;4X2
ÔNIBUS;Motor Dianteiro;E OD;Motor Dianteiro;17-260;17.260 E OD;nov/09;dez/11;EURO 3;EURO 3;GERENCIAMENTO - ELTRÔNICO;MWM 6.12 TCAE;MWM SÉRIE 12;6;20;15W40 CI-4;VW;SH;G052824Q2;26,2;3,6;ZF 6S 1010 BO;9,2;SAE 80W OU 80W90 GL-4;RS 23-155;21;85W140 GL-5;4X2
ÔNIBUS;Motor Traseiro;E OT;Motor Traseiro;17-260;17.260 E OT;mar/04;dez/11;EURO 3;EURO 3;GERENCIAMENTO - ELTRÔNICO;MWM 6.12 TCAE;MWM SÉRIE 12;6;20;15W40 CI-4;VW;SH;G052824Q2;31;4,3;ZF 6S 1010 BO;9,2;SAE 80W OU 80W90 GL-4;RS 23-155;21;85W140 GL-5;4X2
ÔNIBUS;Motor Traseiro;V-TRONIC - E OD;Motor Traseiro;17-230;17.230 E OD;jul/08;dez/11;EURO 3;EURO 3;GERENCIAMENTO - ELTRÔNICO;MWM 6.12 TCAE;MWM SÉRIE 12;6;20;15W40 CI-4;VW;SH;G052824Q2;31;4,3;ZF 6AS 1010 BO;9,2;75W80;RS 23-155;21;85W140 GL-5;4X2
ÔNIBUS;Motor Traseiro;E OT;Motor Traseiro;19-320;19.320 E OT;jun/06;dez/11;EURO 3;EURO 3;GERENCIAMENTO - ELTRÔNICO;CUMMINS ISC 8.3L;ISC;6;22;15W40 CI-4;VW;SH;G052824Q2;33,2;3,7;FSBO 9406AE;12;SAE 50;RS 23-155;21;85W140 GL-5;4X2
CAMINHÃO;Constellation;;Semi-Pesados;17-330;17.330;2012;Dias atuais;EURO 5;EURO 5;GERENCIAMENTO - ELTRÔNICO;CUMMINS ISL 8.9L;ISL;6;34;15W40 CI-4;VW;SH;G052824Q2;31,5;2;ZF 16S 1585 TD;13;SAE 80W OU 80W90 GL-4;MS 23-165;21;85W140 GL-5;4X2
CAMINHÃO;Constellation;;Semi-Pesados;24-330;24.330;2012;Dias atuais;EURO 5;EURO 5;GERENCIAMENTO - ELTRÔNICO;CUMMINS ISL 8.9L;ISL;6;34;15W40 CI-4;VW;SH;G052824Q2;31,5;2;ZF 16S 1585 TD;13;SAE 80W OU 80W90 GL-4;MS 23-165;21;85W140 GL-5;6X2
CAMINHÃO;Constellation;;Semi-Pesados;31-330;24.330;2012;Dias atuais;EURO 5;EURO 5;GERENCIAMENTO - ELTRÔNICO;CUMMINS ISL 8.9L;ISL;6;34;15W40 CI-4;VW;SH;G052824Q2;31,5;2;ZF 16S 1585 TD;13;SAE 80W OU 80W90 GL-4;CONJUNTO MT 50-168;19 / 19;85W140 GL-5;6X4
CAMINHÃO;Constellation;;Semi-Pesados;31-390;31.390;2012;Dias atuais;EURO 5;EURO 5;GERENCIAMENTO - ELTRÔNICO;CUMMINS ISL 8.9L;ISL;6;34;15W40 CI-4;VW;SH;G052824Q2;31,5;2;ZF 16S 1685 TD;13;SAE 80W OU 80W90 GL-4;CONJUNTO MT 50-168;19 / 19;85W140 GL-5;6X4
CAMINHÃO;Constellation;;Semi-Pesados;17-280;17.280;2012;Dias atuais;EURO 5;EURO 5;GERENCIAMENTO - ELTRÔNICO;MAN D08 36 280;MAN D08;6;28;10W40;VW;SH;G052823Q2;29;2;ZF 9S 1110 TD;8;SAE 80W OU 80W90 GL-4;MS 23-155;21;85W140 GL-5;4X2
CAMINHÃO;Constellation;;Semi-Pesados;24-280;24.280;2012;Dias atuais;EURO 5;EURO 5;GERENCIAMENTO - ELTRÔNICO;MAN D08 36 280;MAN D08;6;28;10W40;VW;SH;G052823Q2;29;2;ZF 9S 1110 TD;8;SAE 80W OU 80W90 GL-4;MS 23-155;21;85W140 GL-5;6X2
CAMINHÃO;Constellation;;Semi-Pesados;26-280;26.280;2012;Dias atuais;EURO 5;EURO 5;GERENCIAMENTO - ELTRÔNICO;MAN D08 36 280;MAN D08;6;28;10W40;VW;SH;G052823Q2;29;2;ZF 16S 1455 TD;14;SAE 80W OU 80W90 GL-4;CONJUNTO MT 46-165;19 / 19;85W140 GL-5;6X4
CAMINHÃO;Constellation;;Semi-Pesados;31-280;31.280;2012;Dias atuais;EURO 5;EURO 5;GERENCIAMENTO - ELTRÔNICO;MAN D08 36 280;MAN D08;6;28;10W40;VW;SH;G052823Q2;29;2;ZF 16S 1455 TD;14;SAE 80W OU 80W90 GL-4;CONJUNTO MT 50-168;19 / 19;85W140 GL-5;6X4
CAMINHÃO;Constellation;;Semi-Pesados;19-330;19.330;2012;Dias atuais;EURO 5;EURO 5;GERENCIAMENTO - ELTRÔNICO;CUMMINS ISL 8.9L;ISL;6;34;15W40 CI-4;VW;SH;G052824Q2;31,5;2;ZF 16S 1585 TD;13;SAE 80W OU 80W90 GL-4;MS 23-165;21;85W140 GL-5;4X2
CAMINHÃO;Constellation;;Semi-Pesados;25-390;25.390;2012;Dias atuais;EURO 5;EURO 5;GERENCIAMENTO - ELTRÔNICO;CUMMINS ISL 8.9L;ISL;6;34;15W40 CI-4;VW;SH;G052824Q2;31,5;2;ZF 16S 1685 TD;13;SAE 80W OU 80W90 GL-4;MS 23-185;21;85W140 GL-5;4X2
CAMINHÃO;Constellation;V-TRONIC;Semi-Pesados;25-420;25.420;2012;Dias atuais;EURO 5;EURO 5;GERENCIAMENTO - ELTRÔNICO;CUMMINS ISL 8.9L;ISL;6;34;15W40 CI-4;VW;SH;G052824Q2;31,5;2;ZF 16AS 2230 TD;13;75W80;MS 23-185;21;85W140 GL-5;4X2
CAMINHÃO;Constellation;V-TRONIC;Semi-Pesados;25-420;25.420;2012;Dias atuais;EURO 5;EURO 5;GERENCIAMENTO - ELTRÔNICO;CUMMINS ISL 8.9L;ISL;6;34;15W40 CI-4;VW;SH;G052824Q2;31,5;2;ZF 16AS 2230 TD;13;75W80;MS 23-185;21;85W140 GL-5;4X2
CAMINHÃO;Constellation;V-TRONIC;Semi-Pesados;26-420;26.420;2012;Dias atuais;EURO 5;EURO 5;GERENCIAMENTO - ELTRÔNICO;CUMMINS ISL 8.9L;ISL;6;34;15W40 CI-4;VW;SH;G052824Q2;31,5;2;ZF 16AS 2230 TD;13;75W80;CONJUNTO MT 50-168;19 / 19;85W140 GL-5;6X4
CAMINHÃO;Constellation;;Semi-Pesados;26-390;26.390;2012;Dias atuais;EURO 5;EURO 5;GERENCIAMENTO - ELTRÔNICO;CUMMINS ISL 8.9L;ISL;6;34;15W40 CI-4;VW;SH;G052824Q2;31,5;2;ZF 16S 1685 TD;13;SAE 80W OU 80W90 GL-4;CONJUNTO MT 50-168;19 / 19;85W140 GL-5;6X4
CAMINHÃO;Constellation;;Médios;13-190;13.190;2012;Dias atuais;EURO 5;EURO 5;GERENCIAMENTO - ELTRÔNICO;MAN D08 34 190;MAN D08;4;17;10W40;VW;SH;G052823Q2;24;2,3;FS 5406 A;9,2;SAE 50;MS 19-235;20;85W140 GL-5;4X2
CAMINHÃO;Constellation;;Semi-Pesados;15-190;15.190;2012;Dias atuais;EURO 5;EURO 5;GERENCIAMENTO - ELTRÔNICO;MAN D08 34 190;MAN D08;4;17;10W40;VW;SH;G052823Q2;24;2,3;FS 5406 A;9,2;SAE 50;MS 19-235;20;85W140 GL-5;4X2
CAMINHÃO;Constellation;;Semi-Pesados;17-190;17.190;2012;Dias atuais;EURO 5;EURO 5;GERENCIAMENTO - ELTRÔNICO;MAN D08 34 190;MAN D08;4;17;10W40;VW;SH;G052823Q2;24;2,3;FS 5406 A;9,2;SAE 50;MS 23-235;20;85W140 GL-5;4X2
CAMINHÃO;Constellation;;Semi-Pesados;17-280;17.280 Tractor;2012;Dias atuais;EURO 5;EURO 5;GERENCIAMENTO - ELTRÔNICO;MAN D08 36 280;MAN D08;6;28;10W40;VW;SH;G052823Q2;29;2;ZF 9S 1110 TD;8;SAE 80W OU 80W90 GL-4;MS 23-155;21;85W140 GL-5;4X2
CAMINHÃO;Constellation;;Semi-Pesados;17-230;17.230;2012;Dias atuais;EURO 5;EURO 5;GERENCIAMENTO - ELTRÔNICO;MAN D08 34 230;MAN D08;4;17;10W40;VW;SH;G052823Q2;24;2,3;FS 6406 A;8,6;SAE 50;MS 23-245;18;85W140 GL-5;4X2
CAMINHÃO;Delivery;;Leve;5-150;5.150;2012;2019;EURO 5;EURO 5;GERENCIAMENTO - ELTRÔNICO;CUMMINS ISF 3.8;ISF 3.8;4;13;15W40 CI-4;VW;SH;G052824Q2;21;2,5;ZF S5-420;4,1;SAE 80W OU 80W90 GL-4;DANA 267;3,2;85W140 GL-5;4X2
CAMINHÃO;Delivery;;Leve;8-160;8.160;2012;2019;EURO 5;EURO 5;GERENCIAMENTO - ELTRÔNICO;CUMMINS ISF 3.8;ISF 3.8;4;13;15W40 CI-4;VW;SH;G052824Q2;21;2,5;ZF S5-420;4,1;SAE 80W OU 80W90 GL-4;DANA 284;4;85W140 GL-5;4X2
CAMINHÃO;Delivery;;Leve;9-160;9.160;2012;2019;EURO 5;EURO 5;GERENCIAMENTO - ELTRÔNICO;CUMMINS ISF 3.8;ISF 3.8;4;13;15W40 CI-4;VW;SH;G052824Q2;21;2,5;ZF S5-420 HD;4,1;SAE 80W OU 80W90 GL-4;DANA 284 HD;4;85W140 GL-5;4X2
CAMINHÃO;Delivery;;Leve;10-160;10.160;2012;2019;EURO 5;EURO 5;GERENCIAMENTO - ELTRÔNICO;CUMMINS ISF 3.8;ISF 3.8;4;13;15W40 CI-4;VW;SH;G052824Q2;21;2,5;ZF S5-420 HD;4,1;SAE 80W OU 80W90 GL-4;MS 15-124;9;85W140 GL-5;4X2
CAMINHÃO;Delivery;PLUS;Leve;10-160;10.160;2012;2019;EURO 5;EURO 5;GERENCIAMENTO - ELTRÔNICO;CUMMINS ISF 3.8;ISF 3.8;4;13;15W40 CI-4;VW;SH;G052824Q2;21;2,5;ZF 6S 1010 BO;9,2;SAE 80W OU 80W90 GL-4;MS 15-124;9;85W140 GL-5;4X2
CAMINHÃO;Delivery;;Leve;13-160;13.160;2012;2019;EURO 5;EURO 5;GERENCIAMENTO - ELTRÔNICO;CUMMINS ISF 3.8;ISF 3.8;4;13;15W40 CI-4;VW;SH;G052824Q2;21;2,5;ZF 6S 1010 BO;9,2;SAE 80W OU 80W90 GL-4;MS 15-124;9;85W140 GL-5;4X2
CAMINHÃO;Worker;;Médios;13-190;13.190;2012;2019;EURO 5;EURO 5;GERENCIAMENTO - ELTRÔNICO;MAN D08 34 190;MAN D08;4;17;10W40;VW;SH;G052823Q2;26,6;3,7;FS 5406 A;9,2;SAE 50;MS 19-235;20;85W140 GL-5;4X2
CAMINHÃO;Worker;;Médios;15-190;15.190;2012;2019;EURO 5;EURO 5;GERENCIAMENTO - ELTRÔNICO;MAN D08 34 190;MAN D08;4;17;10W40;VW;SH;G052823Q2;26,6;3,7;FS 5406 A;9,2;SAE 50;MS 23-235;20;85W140 GL-5;4X2
CAMINHÃO;Worker;;Médios;17-190;17.190;2012;2019;EURO 5;EURO 5;GERENCIAMENTO - ELTRÔNICO;MAN D08 34 190;MAN D08;4;20;10W40;VW;SH;G052823Q2;26,6;3,7;FS 5406 A;9,2;SAE 50;MS 23-235;20;85W140 GL-5;4X2
CAMINHÃO;Worker;;Médios;17-230;17.230;2012;2019;EURO 5;EURO 5;GERENCIAMENTO - ELTRÔNICO;MAN D08 34 230;MAN D08;4;20;10W40;VW;SH;G052823Q2;33,2;3,7;FS 6406 A;8,6;SAE 50;MS 23-245;18;85W140 GL-5;4X2
CAMINHÃO;Worker;;Médios;23-230;23.230;2012;2019;EURO 5;EURO 5;GERENCIAMENTO - ELTRÔNICO;MAN D08 34 230;MAN D08;4;20;10W40;VW;SH;G052823Q2;33,2;3,7;FS 6406 A;8,6;SAE 50;MS 23-245;18;85W140 GL-5;4X2
CAMINHÃO;TGX;;Pesados;28-440;28.440;2012;Dias atuais;EURO 5;EURO 5;GERENCIAMENTO - ELTRÔNICO;MAN D26 76 440;MAN D26;6;42;10W40;VW;SH;G052823Q2;45;3,5;ZF 16AS 2630 TO;13;75W80;MAN HY-1350;14,5;75W90 GL-5;6X2
CAMINHÃO;TGX;;Pesados;29-440;29.440;2012;Dias atuais;EURO 5;EURO 5;GERENCIAMENTO - ELTRÔNICO;MAN D26 76 440;MAN D26;6;42;10W40;VW;SH;G052823Q2;45;3,5;ZF 16AS 2630 TO;13;75W80;MAN HY-1350;32,5;75W90 GL-5;6X4
CAMINHÃO;TGX;;Pesados;33-440;33.440;2012;Dias atuais;EURO 5;EURO 5;GERENCIAMENTO - ELTRÔNICO;MAN D26 76 440;MAN D26;6;42;10W40;VW;SH;G052823Q2;45;3,5;ZF 16AS 2630 TO;13;75W80;MAN HPD-1382 + HP 1352;34,4;75W90 GL-5;6X4
CAMINHÃO;TGX;;Pesados;29-480;29.480;2012;Dias atuais;EURO 5;EURO 5;GERENCIAMENTO - ELTRÔNICO;MAN D26 76 480;MAN D26;6;42;10W40;VW;SH;G052823Q2;45;3,5;ZF 16AS 2630 TO;13;75W80;MAN HYD-1370 + HY-1350;32,5;75W90 GL-5;6X4
CAMINHÃO;Novo Delivery;;Leve;6-160;6.160;2018;Dias atuais;EURO 5;EURO 5;GERENCIAMENTO - ELTRÔNICO;CUMMINS ISF 2.8;ISF 2.8;4;7,2;15W40 CI-4;VW;SH;G052824Q2;11;1,5;Eaton ESO 4206;2,7;Fluidmatic MV LV;AAM 10,5’’;2,6;75W90 GL-5;4X2
CAMINHÃO;Novo Delivery;;Leve;9-170;9.170;2018;Dias atuais;EURO 5;EURO 5;GERENCIAMENTO - ELTRÔNICO;CUMMINS ISF 3.8;ISF 3.8;4;13;15W40 CI-4;VW;SH;G052824Q2;14;2,8;Eaton ESO 6106;5,2;SAE 80W OU 80W90 GL-4;DANA 284 HD;4;85W140 GL-5;4X2
CAMINHÃO;Novo Delivery;;Leve;11-180;11.180;2018;Dias atuais;EURO 5;EURO 5;GERENCIAMENTO - ELTRÔNICO;CUMMINS ISF 3.8;ISF 3.8;4;13;15W40 CI-4;VW;SH;G052824Q2;14;2,8;Eaton ESO 6106;5,2;SAE 80W OU 80W90 GL-4;Meritor MS 08-125;7,8;85W140 GL-5;4X2
CAMINHÃO;Novo Delivery;;Leve;11-180;11.180;2018;Dias atuais;EURO 5;EURO 5;GERENCIAMENTO - ELTRÔNICO;CUMMINS ISF 3.8;ISF 3.8;4;13;15W40 CI-4;VW;SH;G052824Q2;14;2,8;Eaton ESO 6106;5,2;SAE 80W OU 80W90 GL-4;Dana S-130;7,6;85W140 GL-5;4X2
CAMINHÃO;Novo Delivery;;Leve;4-150;4.150;2019;Dias atuais;EURO 5;EURO 5;GERENCIAMENTO - ELTRÔNICO;CUMMINS ISF 2.8;ISF 2.8;4;7,2;15W40 CK-4;VW;SH;G052824Q2;11;1,5;Eaton ESO 4106;2,7;Fluidmatic MV LV;AAM 8,9’’;2,1;75W90 GL-5;4X2
CAMINHÃO;Novo Delivery;;Leve;Express;Express;2019;Dias atuais;EURO 5;EURO 5;GERENCIAMENTO - ELTRÔNICO;CUMMINS ISF 2.8;ISF 2.8;4;7,2;15W40 CK-4;VW;SH;G052824Q2;11;1,5;Eaton ESO 4106;2,7;Fluidmatic MV LV;AAM 8,9’’;2,1;75W90 GL-5;4X2
CAMINHÃO;Novo Delivery;;Leve;4-160;4.160;2019;Dias atuais;EURO 5;EURO 5;GERENCIAMENTO - ELTRÔNICO;CUMMINS ISF 2.8;ISF 2.8;4;7,2;15W40 CK-4;VW;SH;G052824Q2;11;1,5;Eaton ESO 4106;2,7;Fluidmatic MV LV;AAM 8,9’’;2,1;75W90 GL-5;4X2
CAMINHÃO;Constellation;Robust;Médios;14-190;14.190;2019;Dias atuais;EURO 5;EURO 5;GERENCIAMENTO - ELTRÔNICO;MAN D08 34 190;MAN D08;4;17;10W40;VW;SH;G052823Q2;24;2,3;FS 5406 A;9,2;SAE 50;MS 19-235;20;85W140 GL-5;4X2
CAMINHÃO;Constellation;Robust;Semi-Pesados;17-260;17.260;2019;Dias atuais;EURO 5;EURO 5;GERENCIAMENTO - ELTRÔNICO;MAN D08 36 260;MAN D08;6;;10W40;VW;SH;G052823Q2;;;FS 6406 A;8,6;SAE 50;MS 23-245;18;85W140 GL-5;4X2
CAMINHÃO;Constellation;Robust;Semi-Pesados;24-260;24.260;2019;Dias atuais;EURO 5;EURO 5;GERENCIAMENTO - ELTRÔNICO;MAN D08 36 260;MAN D08;6;;10W40;VW;SH;G052823Q2;;;FS 6406 A;8,6;SAE 50;MS 23-245;18;85W140 GL-5;6X2
CAMINHÃO;Constellation;Robust;Semi-Pesados;23-230;23.230;2019;Dias atuais;EURO 5;EURO 5;GERENCIAMENTO - ELTRÔNICO;MAN D08 34 230;MAN D08;4;;10W40;VW;SH;G052823Q2;;;FS 6406 A;8,6;SAE 50;MS 23-245;18;85W140 GL-5;6X2
CAMINHÃO;Novo Delivery;;Leve;13-180;13.180;2019;Dias atuais;EURO 5;EURO 5;GERENCIAMENTO - ELTRÔNICO;CUMMINS ISF 3.8;ISF 3.8;4;;15W40 CI-4;VW;SH;G052824Q2;;;Eaton ESO 6206A;;;Dana S-130;7,6;85W140 GL-5;4X2
CAMINHÃO;Constellation;;Semi-Pesados;30-280;30.280;2019;Dias atuais;EURO 5;EURO 5;GERENCIAMENTO - ELTRÔNICO;MAN D08 36 280;MAN D08;6;;10W40;VW;SH;G052823Q2;;;ZF 9S 1110 TD;8;SAE 80W OU 80W90 GL-4;MS 23-155;21;85W140 GL-5;8X2
CAMINHÃO;Constellation;;Semi-Pesados;30-280;30.280;2019;Dias atuais;EURO 5;EURO 5;GERENCIAMENTO - ELTRÔNICO;MAN D08 36 280;MAN D08;6;;10W40;VW;SH;G052823Q2;;;ZF 6AS 1000 TO;9,2;75W80;MS 23-245;18;85W140 GL-5;8X2
CAMINHÃO;Constellation;;Semi-Pesados;30-330;30.330;2019;Dias atuais;EURO 5;EURO 5;GERENCIAMENTO - ELTRÔNICO;CUMMINS ISL 8.9L;ISL;6;;15W40 CI-4;VW;SH;G052824Q2;;;ZF 12S 1420 TD;;;MS 23-165;21;85W140 GL-5;8X2
CAMINHÃO;Constellation;;Semi-Pesados;24-280;24.280;2016;Dias atuais;EURO 5;EURO 5;GERENCIAMENTO - ELTRÔNICO;MAN D08 36 280;MAN D08;6;28;10W40;VW;SH;G052823Q2;29;2;ZF 6AS 1000 TO;9,2;75W80;MS 23-245;18;85W140 GL-5;6X2
CAMINHÃO;Constellation;Tractor;Semi-Pesados;17-280;17.280;2012;Dias atuais;EURO 5;EURO 5;GERENCIAMENTO - ELTRÔNICO;MAN D08 36 280;MAN D08;6;28;10W40;VW;SH;G052823Q2;29;2;ZF 9S 1110 TD;8;SAE 80W OU 80W90 GL-4;MS 23-155;21;85W140 GL-5;6X2
CAMINHÃO;Constellation;;Semi-Pesados;25-360;25.360;2017;Dias atuais;EURO 5;EURO 5;GERENCIAMENTO - ELTRÔNICO;CUMMINS ISL 8.9L;ISL;6;34;15W40 CI-4;VW;SH;G052824Q2;31,5;2;ZF 16S 1685 TD;13;SAE 80W OU 80W90 GL-4;MS 23-18X;;;6X4
CAMINHÃO;Constellation;V-tronic;Semi-Pesados;25-360;25.360;2017;Dias atuais;EURO 5;EURO 5;GERENCIAMENTO - ELTRÔNICO;CUMMINS ISL 8.9L;ISL;6;34;15W40 CI-4;VW;SH;G052824Q2;31,5;2;ZF 16AS 2630 TD;13;75W80;MS 23-18X;;;6X4
CAMINHÃO;Constellation;;Semi-Pesados;19-360;19.360;2017;Dias atuais;EURO 5;EURO 5;GERENCIAMENTO - ELTRÔNICO;CUMMINS ISL 8.9L;ISL;6;34;15W40 CI-4;VW;SH;G052824Q2;31,5;2;ZF 16S 1585 TD;13;SAE 80W OU 80W90 GL-4;MS 23-165;21;85W140 GL-5;4X2
CAMINHÃO;Constellation;V-tronic;Semi-Pesados;19-360;19.360;2017;Dias atuais;EURO 5;EURO 5;GERENCIAMENTO - ELTRÔNICO;CUMMINS ISL 8.9L;ISL;6;34;15W40 CI-4;VW;SH;G052824Q2;31,5;2;ZF 16AS 2230 TD;13;75W80;MS 23-165;21;85W140 GL-5;4X2
CAMINHÃO;Constellation;V-tronic;Semi-Pesados;19-420;19.420;2017;Dias atuais;EURO 5;EURO 5;GERENCIAMENTO - ELTRÔNICO;CUMMINS ISL 8.9L;ISL;6;34;15W40 CI-4;VW;SH;G052824Q2;31,5;2;ZF 16AS 2230 TD;13;75W80;MS 23-18X;;;4X2
CAMINHÃO;Constellation;V-tronic;Semi-Pesados;32-360;32.360;2019;Dias atuais;EURO 5;EURO 5;GERENCIAMENTO - ELTRÔNICO;CUMMINS ISL 8.9L;ISL;6;34;15W40 CI-4;VW;SH;G052824Q2;31,5;2;ZF 16AS 2230 TD;13;75W80;MT 26 610;;;6X4
ÔNIBUS;Motor Dianteiro;;Motor Dianteiro;15-190;15.190;2012;Dias atuais;EURO 5;EURO 5;GERENCIAMENTO - ELTRÔNICO;MAN D08 34 190;MAN D08;4;17;10W40;VW;SH;G052823Q2;24;2;ZF 6S 1010 BO;9,2;75W80;MS 23-158;21;85W140 GL-5;4X2
ÔNIBUS;Motor Dianteiro;;Motor Dianteiro;17-230;17.230;2012;Dias atuais;EURO 5;EURO 5;GERENCIAMENTO - ELTRÔNICO;MAN D08 34 230;MAN D08;4;17;10W40;VW;SH;G052823Q2;24;2;ZF 6S 1010 BO;9,2;75W80;MS 23-158;21;85W140 GL-5;4X2
ÔNIBUS;Motor Dianteiro;V-tronic;Motor Dianteiro;17-230;17.230;2012;Dias atuais;EURO 5;EURO 5;GERENCIAMENTO - ELTRÔNICO;MAN D08 34 230;MAN D08;4;17;10W40;VW;SH;G052823Q2;24;2;ZF 6AS 1010 BO;9,2;75W80;MS 23-158;21;85W140 GL-5;4X2
ÔNIBUS;Motor Dianteiro;V-tronic OT LE;Motor Dianteiro;15-190;15.190;2012;Dias atuais;EURO 5;EURO 5;GERENCIAMENTO - ELTRÔNICO;MAN D08 34 190;MAN D08;4;17;10W40;VW;SH;G052823Q2;24;4,5;ZF 6AS 1010 BO;9,2;75W80;MS 23-158;21;85W140 GL-5;4X2
ÔNIBUS;Motor Dianteiro;ODR;Motor Dianteiro;15-190;15.190;2012;Dias atuais;EURO 5;EURO 5;GERENCIAMENTO - ELTRÔNICO;MAN D08 34 190;MAN D08;4;17;10W40;VW;SH;G052823Q2;24;2;ZF 6S 1010 BO;9,2;75W80;MS 23-145;21;85W140 GL-5;4X2
ÔNIBUS;Motor Dianteiro;ODR;Motor Dianteiro;15-190;15.190;2012;Dias atuais;EURO 5;EURO 5;GERENCIAMENTO - ELTRÔNICO;MAN D08 34 190;MAN D08;4;17;10W40;VW;SH;G052823Q2;24;2;FS 5406 A;9,2;SAE 50;MS 23-145;21;85W140 GL-5;4X2
ÔNIBUS;Motor Dianteiro;ODS;Motor Dianteiro;17-260;17.260;2017;Dias atuais;EURO 5;EURO 5;GERENCIAMENTO - ELTRÔNICO;MAN D08 36 260;MAN D08;6;26;10W40;VW;SH;G052823Q2;24;3,5;ZF 6AS 1010 BO;9,2;75W80;MS 23-158;21;85W140 GL-5;4X2
ÔNIBUS;Motor Dianteiro;ODS;Motor Dianteiro;17-260;17.260;2017;Dias atuais;EURO 5;EURO 5;GERENCIAMENTO - ELTRÔNICO;MAN D08 36 260;MAN D08;6;26;10W40;VW;SH;G052823Q2;24;3,5;ZF 6S 1010 BO;9,2;75W80;MS 23-158;21;85W140 GL-5;4X2
ÔNIBUS;Motor Dianteiro;;Motor Dianteiro;17-260;17.260;2012;Dias atuais;EURO 5;EURO 5;GERENCIAMENTO - ELTRÔNICO;MAN D08 36 260;MAN D08;6;26;10W40;VW;SH;G052823Q2;24;3,5;ZF 6S 1010 BO;9,2;75W80;MS 23-158;21;85W140 GL-5;4X2
ÔNIBUS;Motor Dianteiro;OTS LE;Motor Dianteiro;18-280;18.280;2016;Dias atuais;EURO 5;EURO 5;GERENCIAMENTO - ELTRÔNICO;MAN D08 36 280;MAN D08;6;31;10W40;VW;SH;G052823Q2;24;4,5;ZF 6AS 1010 BO;9,2;75W80;HY-1350 B;;;4X2
ÔNIBUS;Motor Dianteiro;OTS LE;Motor Dianteiro;18-280;18.280;2016;Dias atuais;EURO 5;EURO 5;GERENCIAMENTO - ELTRÔNICO;MAN D08 36 280;MAN D08;6;31;10W40;VW;SH;G052823Q2;24;4,5;6AP 1200 B (Ecolite);;;HY-1350 B;;;4X2
ÔNIBUS;Motor Dianteiro;OTS LE;Motor Dianteiro;18-280;18.280;2016;Dias atuais;EURO 5;EURO 5;GERENCIAMENTO - ELTRÔNICO;MAN D08 36 280;MAN D08;6;31;10W40;VW;SH;G052823Q2;24;4,5;DIWA 5;;;HY-1350 B;;;4X2
ÔNIBUS;Motor Traseiro;OT;Motor Traseiro;17-280;17.280;2012;Dias atuais;EURO 5;EURO 5;GERENCIAMENTO - ELTRÔNICO;MAN D08 36 280;MAN D08;6;31;10W40;VW;SH;G052823Q2;27;4,5;ZF 6S 1010 BO;9,2;75W80;MS 23-168;21;85W140 GL-5;4X2
ÔNIBUS;Motor Traseiro;V-tronic OT;Motor Traseiro;17-280;17.280;2012;Dias atuais;EURO 5;EURO 5;GERENCIAMENTO - ELTRÔNICO;MAN D08 36 280;MAN D08;6;31;10W40;VW;SH;G052823Q2;27;4,5;ZF 6AS 1010 BO;9,2;75W80;MS 23-168;21;85W140 GL-5;4X2
ÔNIBUS;Micro;OD;Micro;9-160;9.160;2012;Dias atuais;EURO 5;EURO 5;GERENCIAMENTO - ELTRÔNICO;CUMMINS ISF 3.8;ISF 3.8;4;13;15W40 CI-4;VW;SH;G052824Q2;21;2,5;ZF S5-420 HD;4,1;SAE 80W OU 80W90 GL-4;MS 15-124;9;85W140 GL-5;4X2
ÔNIBUS;Micro;OD;Micro;8-160;8.160;2012;Dias atuais;EURO 5;EURO 5;GERENCIAMENTO - ELTRÔNICO;CUMMINS ISF 3.8;ISF 3.8;4;13;15W40 CI-4;VW;SH;G052824Q2;21;2,5;ZF S5-420 HD;4,1;SAE 80W OU 80W90 GL-4;DANA 284;4;85W140 GL-5;4X2
ÔNIBUS;Micro;ODR;Micro;8-160;8.160;2012;Dias atuais;EURO 5;EURO 5;GERENCIAMENTO - ELTRÔNICO;CUMMINS ISF 3.8;ISF 3.8;4;13;15W40 CI-4;VW;SH;G052824Q2;21;2,5;ZF S5-420 HD;4,1;SAE 80W OU 80W90 GL-4;MS 15-124;9;85W140 GL-5;4X2
ÔNIBUS;Micro;ODR;Micro;8-160;8.160;2012;Dias atuais;EURO 5;EURO 5;GERENCIAMENTO - ELTRÔNICO;CUMMINS ISF 3.8;ISF 3.8;4;13;15W40 CI-4;VW;SH;G052824Q2;21;2,5;ZF S5-420 HD;4,1;SAE 80W OU 80W90 GL-4;DANA 284;4;85W140 GL-5;4X2
ÔNIBUS;Motor Traseiro;OT;Motor Traseiro;18-330;18.330;2012;Dias atuais;EURO 5;EURO 5;GERENCIAMENTO - ELTRÔNICO;CUMMINS ISL 8.9L;ISL;6;24,3;15W40 CI-4;VW;SH;G052824Q2;31,6;3,7;FSBO 9406AE;12;SAE 50;MS 23-158;21;85W140 GL-5;4X2
ÔNIBUS;Motor Traseiro;OT;Motor Traseiro;18-330;18.330;2012;Dias atuais;EURO 5;EURO 5;GERENCIAMENTO - ELTRÔNICO;CUMMINS ISL 8.9L;ISL;6;24,3;15W40 CI-4;VW;SH;G052824Q2;31,6;3,7;FSBO 9406AE;12;SAE 50;MS 23-168;21;85W140 GL-5;4X2
ÔNIBUS;Motor Traseiro;OTA;Motor Traseiro;26-330;26.330;2012;Dias atuais;EURO 5;EURO 5;GERENCIAMENTO - ELTRÔNICO;CUMMINS ISL 8.9L;ISL;6;22;15W40 CI-4;VW;SH;G052824Q2;31,6;3,7;ZF Ecolife;;;MS 23-17X;;;6x2
ÔNIBUS;Motor Dianteiro;V-tronic LE;Motor Dianteiro;15-230;15.230;2012;Dias atuais;EURO 5;EURO 5;GERENCIAMENTO - ELTRÔNICO;MAN D08 34 230;MAN D08;4;17;10W40;VW;SH;G052823Q2;24;2;ZF 6AS 1010 BO;9,2;75W80;MS 23-158;21;85W140 GL-5;4X2
